Date__(UT)__HR:MN,R.A._(ICRF/J2000.0)_DEC,APmag,S-brt,delta,deldot,S-O-T,/r,S-T-O
2015-Oct-06 00:00,09 55 44.18 +10 00 07.8,-4.68,1.46,0.541354664,12.6864733,44.6593,/L,103.5905
2015-Oct-07 00:00,09 58 56.06 +09 51 49.3,-4.68,1.45,0.548692875,12.7274263,44.851,/L,102.7878
2015-Oct-08 00:00,10 02 10.92 +09 42 58.2,-4.67,1.45,0.55605376,12.7650484,45.0295,/L,101.9982
2015-Oct-09 00:00,10 05 28.61 +09 33 34.9,-4.66,1.45,0.563435462,12.7995659,45.1952,/L,101.2212
2015-Oct-10 00:00,10 08 49.00 +09 23 39.8,-4.65,1.45,0.570836249,12.8311894,45.3486,/L,100.4564
2015-Oct-11 00:00,10 12 11.96 +09 13 13.3,-4.64,1.44,0.578254508,12.8601167,45.4901,/L,99.7032
2015-Oct-12 00:00,10 15 37.35 +09 02 15.7,-4.63,1.44,0.585688736,12.8865339,45.6202,/L,98.9612
2015-Oct-13 00:00,10 19 05.08 +08 50 47.6,-4.63,1.44,0.593137535,12.910616,45.7393,/L,98.2301
2015-Oct-14 00:00,10 22 35.01 +08 38 49.3,-4.62,1.43,0.600599605,12.9325268,45.8478,/L,97.5094
2015-Oct-15 00:00,10 26 07.05 +08 26 21.3,-4.61,1.43,0.608073737,12.9524181,45.946,/L,96.7987
2015-Oct-16 00:00,10 29 41.09 +08 13 24.0,-4.6,1.43,0.615558804,12.9704291,46.0344,/L,96.0976
2015-Oct-17 00:00,10 33 17.05 +07 59 58.0,-4.59,1.43,0.623053758,12.9866853,46.1132,/L,95.4059
2015-Oct-18 00:00,10 36 54.82 +07 46 03.7,-4.58,1.42,0.63055762,13.0012988,46.1828,/L,94.7231
2015-Oct-19 00:00,10 40 34.34 +07 31 41.7,-4.57,1.42,0.638069469,13.0143661,46.2435,/L,94.0491
2015-Oct-20 00:00,10 44 15.51 +07 16 52.3,-4.56,1.42,0.645588436,13.0259668,46.2955,/L,93.3834
2015-Oct-21 00:00,10 47 58.27 +07 01 36.3,-4.56,1.41,0.653113693,13.0361585,46.3392,/L,92.7258
2015-Oct-22 00:00,10 51 42.56 +06 45 54.0,-4.55,1.41,0.660644436,13.044971,46.3748,/L,92.0761
2015-Oct-23 00:00,10 55 28.30 +06 29 46.0,-4.54,1.41,0.668179868,13.0523979,46.4025,/L,91.434
2015-Oct-24 00:00,10 59 15.45 +06 13 12.8,-4.53,1.4,0.675719178,13.0583892,46.4227,/L,90.7993
2015-Oct-25 00:00,11 03 03.95 +05 56 15.0,-4.52,1.4,0.683261511,13.0628501,46.4354,/L,90.1718
2015-Oct-26 00:00,11 06 53.75 +05 38 53.2,-4.51,1.4,0.690805947,13.0656505,46.441,/L,89.5512
2015-Oct-27 00:00,11 10 44.81 +05 21 07.9,-4.5,1.39,0.698351487,13.0666476,46.4396,/L,88.9374
2015-Oct-28 00:00,11 14 37.10 +05 02 59.7,-4.49,1.39,0.705897051,13.0657185,46.4315,/L,88.3302
2015-Oct-29 00:00,11 18 30.55 +04 44 29.3,-4.49,1.39,0.713441503,13.06279,46.4169,/L,87.7295
2015-Oct-30 00:00,11 22 25.15 +04 25 37.1,-4.48,1.38,0.720983683,13.0578542,46.3961,/L,87.1349
2015-Oct-31 00:00,11 26 20.85 +04 06 24.0,-4.47,1.38,0.728522446,13.050965,46.3691,/L,86.5464
2015-Nov-01 00:00,11 30 17.61 +03 46 50.4,-4.46,1.38,0.73605669,13.0422215,46.3363,/L,85.9637
2015-Nov-02 00:00,11 34 15.41 +03 26 57.2,-4.45,1.37,0.743585378,13.031746,46.2978,/L,85.3867
2015-Nov-03 00:00,11 38 14.20 +03 06 45.0,-4.44,1.37,0.751107549,13.0196667,46.2539,/L,84.8152
2015-Nov-04 00:00,11 42 13.96 +02 46 14.5,-4.43,1.37,0.758622311,13.0061067,46.2047,/L,84.2489
2015-Nov-05 00:00,11 46 14.66 +02 25 26.4,-4.43,1.36,0.766128844,12.9911788,46.1503,/L,83.6878
2015-Nov-06 00:00,11 50 16.27 +02 04 21.4,-4.42,1.36,0.773626386,12.974986,46.0911,/L,83.1317
2015-Nov-07 00:00,11 54 18.78 +01 43 00.2,-4.41,1.36,0.781114237,12.9576236,46.0271,/L,82.5804
2015-Nov-08 00:00,11 58 22.17 +01 21 23.6,-4.4,1.35,0.788591746,12.9391824,45.9585,/L,82.0338
2015-Nov-09 00:00,12 02 26.41 +00 59 32.2,-4.39,1.35,0.796058316,12.9197511,45.8854,/L,81.4916
2015-Nov-10 00:00,12 06 31.49 +00 37 26.9,-4.38,1.35,0.803513403,12.8994193,45.808,/L,80.9539
2015-Nov-11 00:00,12 10 37.40 +00 15 08.3,-4.38,1.34,0.81095651,12.8782771,45.7264,/L,80.4204
2015-Nov-12 00:00,12 14 44.12 -00 07 22.7,-4.37,1.34,0.818387198,12.8564149,45.6407,/L,79.891
2015-Nov-13 00:00,12 18 51.66 -00 30 05.6,-4.36,1.34,0.825805075,12.8339212,45.5511,/L,79.3656
2015-Nov-14 00:00,12 23 00.00 -00 52 59.5,-4.35,1.33,0.833209801,12.8108795,45.4576,/L,78.8441
2015-Nov-15 00:00,12 27 09.15 -01 16 03.6,-4.34,1.33,0.840601084,12.7873653,45.3605,/L,78.3263
2015-Nov-16 00:00,12 31 19.09 -01 39 17.3,-4.34,1.33,0.847978668,12.7634423,45.2596,/L,77.8122
2015-Nov-17 00:00,12 35 29.83 -02 02 39.7,-4.33,1.32,0.855342332,12.7391593,45.1553,/L,77.3017
2015-Nov-18 00:00,12 39 41.38 -02 26 10.1,-4.32,1.32,0.862691879,12.7145469,45.0475,/L,76.7947
2015-Nov-19 00:00,12 43 53.74 -02 49 47.9,-4.31,1.32,0.870027122,12.6896129,44.9364,/L,76.2911
2015-Nov-20 00:00,12 48 06.92 -03 13 32.1,-4.31,1.31,0.87734787,12.6643377,44.8219,/L,75.7909
2015-Nov-21 00:00,12 52 20.93 -03 37 22.1,-4.3,1.31,0.884653915,12.6386688,44.7043,/L,75.2939
2015-Nov-22 00:00,12 56 35.79 -04 01 17.2,-4.29,1.31,0.891945003,12.6125165,44.5835,/L,74.8002
2015-Nov-23 00:00,13 00 51.49 -04 25 16.5,-4.28,1.3,0.899220821,12.5857554,44.4596,/L,74.3096
2015-Nov-24 00:00,13 05 08.07 -04 49 19.4,-4.28,1.3,0.906480976,12.5582342,44.3328,/L,73.8222
2015-Nov-25 00:00,13 09 25.54 -05 13 25.0,-4.27,1.3,0.913724982,12.529794,44.203,/L,73.3378
2015-Nov-26 00:00,13 13 43.91 -05 37 32.6,-4.26,1.29,0.920952265,12.5002934,44.0704,/L,72.8565
2015-Nov-27 00:00,13 18 03.21 -06 01 41.4,-4.26,1.29,0.928162183,12.4696312,43.9351,/L,72.3781
2015-Nov-28 00:00,13 22 23.44 -06 25 50.7,-4.25,1.29,0.935354048,12.4377585,43.7971,/L,71.9027
2015-Nov-29 00:00,13 26 44.62 -06 49 59.6,-4.24,1.28,0.942527158,12.4046777,43.6565,/L,71.4302
2015-Nov-30 00:00,13 31 06.76 -07 14 07.4,-4.24,1.28,0.949680828,12.3704315,43.5135,/L,70.9605
2015-Dec-01 00:00,13 35 29.89 -07 38 13.2,-4.23,1.28,0.956814403,12.3350872,43.368,/L,70.4936
2015-Dec-02 00:00,13 39 54.01 -08 02 16.3,-4.22,1.27,0.96392727,12.2987222,43.2202,/L,70.0293
2015-Dec-03 00:00,13 44 19.13 -08 26 15.8,-4.22,1.27,0.971018864,12.2614151,43.0701,/L,69.5678
2015-Dec-04 00:00,13 48 45.28 -08 50 10.8,-4.21,1.27,0.978088662,12.22324,42.9179,/L,69.1088
2015-Dec-05 00:00,13 53 12.46 -09 14 00.7,-4.2,1.26,0.985136183,12.1842662,42.7635,/L,68.6523
2015-Dec-06 00:00,13 57 40.69 -09 37 44.5,-4.2,1.26,0.992160985,12.1445594,42.6071,/L,68.1983
2015-Dec-07 00:00,14 02 09.97 -10 01 21.4,-4.19,1.26,0.999162663,12.1041851,42.4487,/L,67.7468
2015-Dec-08 00:00,14 06 40.33 -10 24 50.6,-4.18,1.25,1.006140851,12.0632122,42.2884,/L,67.2976
2015-Dec-09 00:00,14 11 11.77 -10 48 11.3,-4.18,1.25,1.013095226,12.0217159,42.1262,/L,66.8507
2015-Dec-10 00:00,14 15 44.31 -11 11 22.6,-4.17,1.25,1.020025509,11.9797799,41.9622,/L,66.4061
2015-Dec-11 00:00,14 20 17.96 -11 34 23.7,-4.16,1.25,1.026931471,11.9374964,41.7965,/L,65.9636
2015-Dec-12 00:00,14 24 52.72 -11 57 13.8,-4.16,1.24,1.033812941,11.8949632,41.629,/L,65.5234
2015-Dec-13 00:00,14 29 28.62 -12 19 52.1,-4.15,1.24,1.040669803,11.852279,41.4598,/L,65.0852
2015-Dec-14 00:00,14 34 05.66 -12 42 17.7,-4.15,1.24,1.047501997,11.8095361,41.289,/L,64.6492
2015-Dec-15 00:00,14 38 43.85 -13 04 29.7,-4.14,1.23,1.054309513,11.7668132,41.1167,/L,64.2151
2015-Dec-16 00:00,14 43 23.21 -13 26 27.4,-4.14,1.23,1.061092379,11.7241684,40.9427,/L,63.7831
2015-Dec-17 00:00,14 48 03.74 -13 48 10.0,-4.13,1.23,1.067850652,11.6816338,40.7672,/L,63.3529
2015-Dec-18 00:00,14 52 45.46 -14 09 36.7,-4.12,1.22,1.074584398,11.6392119,40.5901,/L,62.9248
2015-Dec-19 00:00,14 57 28.37 -14 30 46.5,-4.12,1.22,1.081293675,11.5968736,40.4116,/L,62.4985
2015-Dec-20 00:00,15 02 12.49 -14 51 38.8,-4.11,1.22,1.087978515,11.5545578,40.2316,/L,62.0742
2015-Dec-21 00:00,15 06 57.83 -15 12 12.7,-4.11,1.22,1.094638906,11.5121722,40.0502,/L,61.6517
2015-Dec-22 00:00,15 11 44.39 -15 32 27.5,-4.1,1.21,1.101274774,11.4695984,39.8673,/L,61.231
2015-Dec-23 00:00,15 16 32.19 -15 52 22.3,-4.1,1.21,1.107885972,11.4267004,39.6831,/L,60.8123
2015-Dec-24 00:00,15 21 21.23 -16 11 56.3,-4.09,1.21,1.114472272,11.3833387,39.4975,/L,60.3954
2015-Dec-25 00:00,15 26 11.51 -16 31 08.9,-4.09,1.2,1.121033369,11.339386,39.3106,/L,59.9803
2015-Dec-26 00:00,15 31 03.05 -16 49 59.1,-4.08,1.2,1.127568891,11.2947422,39.1224,/L,59.567
2015-Dec-27 00:00,15 35 55.84 -17 08 26.2,-4.07,1.2,1.134078419,11.249343,38.933,/L,59.1556
2015-Dec-28 00:00,15 40 49.87 -17 26 29.4,-4.07,1.2,1.140561507,11.2031618,38.7424,/L,58.7459
2015-Dec-29 00:00,15 45 45.15 -17 44 08.0,-4.06,1.19,1.147017703,11.1562038,38.5507,/L,58.338
2015-Dec-30 00:00,15 50 41.67 -18 01 21.3,-4.06,1.19,1.153446566,11.108497,38.3578,/L,57.9319
2015-Dec-31 00:00,15 55 39.41 -18 18 08.3,-4.05,1.19,1.159847676,11.0600829,38.1639,/L,57.5275
2016-Jan-01 00:00,16 00 38.37 -18 34 28.5,-4.05,1.18,1.166220636,11.011008,37.9689,/L,57.1248
2016-Jan-02 00:00,16 05 38.53 -18 50 21.0,-4.04,1.18,1.17256508,10.9613194,37.7729,/L,56.7237
2016-Jan-03 00:00,16 10 39.87 -19 05 45.2,-4.04,1.18,1.178880665,10.9110627,37.576,/L,56.3243
2016-Jan-04 00:00,16 15 42.38 -19 20 40.3,-4.04,1.18,1.185167078,10.8602828,37.3781,/L,55.9265
2016-Jan-05 00:00,16 20 46.03 -19 35 05.6,-4.03,1.17,1.191424028,10.8090265,37.1793,/L,55.5303
2016-Jan-06 00:00,16 25 50.80 -19 49 00.4,-4.03,1.17,1.197651256,10.7573469,36.9796,/L,55.1356
2016-Jan-07 00:00,16 30 56.66 -20 02 24.2,-4.02,1.17,1.203848535,10.7053082,36.779,/L,54.7424
2016-Jan-08 00:00,16 36 03.59 -20 15 16.1,-4.02,1.17,1.210015681,10.6529896,36.5776,/L,54.3507
2016-Jan-09 00:00,16 41 11.56 -20 27 35.7,-4.01,1.16,1.216152557,10.6004884,36.3754,/L,53.9605
2016-Jan-10 00:00,16 46 20.53 -20 39 22.2,-4.01,1.16,1.222259092,10.5479173,36.1724,/L,53.5717
2016-Jan-11 00:00,16 51 30.46 -20 50 35.1,-4,1.16,1.228335279,10.4953991,35.9687,/L,53.1842
2016-Jan-12 00:00,16 56 41.32 -21 01 13.8,-4,1.15,1.234381185,10.4430545,35.7641,/L,52.7981
2016-Jan-13 00:00,17 01 53.07 -21 11 17.8,-3.99,1.15,1.240396941,10.3909888,35.5588,/L,52.4133
2016-Jan-14 00:00,17 07 05.68 -21 20 46.4,-3.99,1.15,1.246382733,10.3392789,35.3527,/L,52.0298
2016-Jan-15 00:00,17 12 19.10 -21 29 39.3,-3.99,1.15,1.252338778,10.2879649,35.1459,/L,51.6475
2016-Jan-16 00:00,17 17 33.28 -21 37 55.9,-3.98,1.14,1.258265308,10.2370469,34.9383,/L,51.2665
2016-Jan-17 00:00,17 22 48.20 -21 45 35.8,-3.98,1.14,1.264162542,10.1864874,34.73,/L,50.8868
2016-Jan-18 00:00,17 28 03.80 -21 52 38.6,-3.97,1.14,1.270030669,10.1362175,34.5209,/L,50.5082
2016-Jan-19 00:00,17 33 20.04 -21 59 03.8,-3.97,1.14,1.27586983,10.0861431,34.3111,/L,50.1308
2016-Jan-20 00:00,17 38 36.87 -22 04 51.0,-3.97,1.13,1.281680106,10.0361534,34.1006,/L,49.7547
2016-Jan-21 00:00,17 43 54.26 -22 10 00.0,-3.96,1.13,1.287461512,9.9861286,33.8894,/L,49.3797
2016-Jan-22 00:00,17 49 12.15 -22 14 30.4,-3.96,1.13,1.293213992,9.9359483,33.6774,/L,49.0059
2016-Jan-23 00:00,17 54 30.49 -22 18 21.9,-3.96,1.12,1.298937424,9.8855007,33.4648,/L,48.6333
2016-Jan-24 00:00,17 59 49.24 -22 21 34.3,-3.95,1.12,1.304631625,9.83469,33.2515,/L,48.2618
2016-Jan-25 00:00,18 05 08.34 -22 24 07.3,-3.95,1.12,1.310296362,9.7834421,33.0375,/L,47.8915
2016-Jan-26 00:00,18 10 27.74 -22 26 00.7,-3.94,1.12,1.315931368,9.7317069,32.8229,/L,47.5223
2016-Jan-27 00:00,18 15 47.38 -22 27 14.3,-3.94,1.11,1.321536352,9.6794564,32.6077,/L,47.1543
2016-Jan-28 00:00,18 21 07.22 -22 27 48.0,-3.94,1.11,1.327111013,9.6266808,32.3919,/L,46.7873
2016-Jan-29 00:00,18 26 27.19 -22 27 41.7,-3.93,1.11,1.332655048,9.5733834,32.1755,/L,46.4215
2016-Jan-30 00:00,18 31 47.24 -22 26 55.4,-3.93,1.11,1.338168159,9.5195745,31.9586,/L,46.0567
2016-Jan-31 00:00,18 37 07.31 -22 25 28.8,-3.93,1.1,1.343650053,9.4652681,31.7411,/L,45.6929
2016-Feb-01 00:00,18 42 27.35 -22 23 22.2,-3.92,1.1,1.349100448,9.410479,31.5231,/L,45.3302
2016-Feb-02 00:00,18 47 47.30 -22 20 35.4,-3.92,1.1,1.35451907,9.3552231,31.3046,/L,44.9684
2016-Feb-03 00:00,18 53 07.10 -22 17 08.4,-3.92,1.1,1.359905654,9.2995192,31.0856,/L,44.6076
2016-Feb-04 00:00,18 58 26.70 -22 13 01.5,-3.91,1.09,1.365259949,9.2433939,30.866,/L,44.2478
2016-Feb-05 00:00,19 03 46.03 -22 08 14.7,-3.91,1.09,1.370581721,9.1868873,30.646,/L,43.8888
2016-Feb-06 00:00,19 09 05.05 -22 02 48.1,-3.91,1.09,1.375870768,9.1300612,30.4256,/L,43.5307
2016-Feb-07 00:00,19 14 23.69 -21 56 41.9,-3.91,1.09,1.381126929,9.0730045,30.2046,/L,43.1735
2016-Feb-08 00:00,19 19 41.91 -21 49 56.3,-3.9,1.08,1.386350104,9.0158346,29.9832,/L,42.817
2016-Feb-09 00:00,19 24 59.65 -21 42 31.6,-3.9,1.08,1.391540266,8.9586919,29.7613,/L,42.4613
2016-Feb-10 00:00,19 30 16.86 -21 34 28.0,-3.9,1.08,1.396697475,8.9017243,29.539,/L,42.1064
2016-Feb-11 00:00,19 35 33.49 -21 25 45.8,-3.89,1.07,1.401821872,8.8450656,29.3162,/L,41.7521
2016-Feb-12 00:00,19 40 49.50 -21 16 25.3,-3.89,1.07,1.406913664,8.7888151,29.0929,/L,41.3985
2016-Feb-13 00:00,19 46 04.83 -21 06 26.9,-3.89,1.07,1.411973106,8.7330235,28.8691,/L,41.0455
2016-Feb-14 00:00,19 51 19.44 -20 55 50.9,-3.89,1.07,1.417000465,8.6776905,28.6448,/L,40.6932
2016-Feb-15 00:00,19 56 33.31 -20 44 37.7,-3.88,1.06,1.421995994,8.6227719,28.42,/L,40.3414
2016-Feb-16 00:00,20 01 46.39 -20 32 47.7,-3.88,1.06,1.426959911,8.5681912,28.1947,/L,39.9902
2016-Feb-17 00:00,20 06 58.65 -20 20 21.3,-3.88,1.06,1.431892386,8.5138524,27.9688,/L,39.6396
2016-Feb-18 00:00,20 12 10.05 -20 07 19.0,-3.88,1.06,1.436793527,8.4596495,27.7425,/L,39.2895
2016-Feb-19 00:00,20 17 20.58 -19 53 41.3,-3.87,1.05,1.441663382,8.4054737,27.5156,/L,38.94
2016-Feb-20 00:00,20 22 30.20 -19 39 28.7,-3.87,1.05,1.446501934,8.3512184,27.2882,/L,38.591
2016-Feb-21 00:00,20 27 38.89 -19 24 41.6,-3.87,1.05,1.451309109,8.2967831,27.0603,/L,38.2424
2016-Feb-22 00:00,20 32 46.63 -19 09 20.6,-3.87,1.05,1.456084776,8.2420762,26.832,/L,37.8944
2016-Feb-23 00:00,20 37 53.41 -18 53 26.2,-3.87,1.04,1.460828754,8.187018,26.6031,/L,37.5469
2016-Feb-24 00:00,20 42 59.19 -18 36 59.0,-3.86,1.04,1.46554082,8.131542,26.3737,/L,37.1998
2016-Feb-25 00:00,20 48 03.97 -18 19 59.6,-3.86,1.04,1.470220718,8.0755949,26.1439,/L,36.8532
2016-Feb-26 00:00,20 53 07.73 -18 02 28.6,-3.86,1.03,1.474868162,8.0191361,25.9136,/L,36.507
2016-Feb-27 00:00,20 58 10.47 -17 44 26.5,-3.86,1.03,1.479482849,7.9621348,25.6828,/L,36.1613
2016-Feb-28 00:00,21 03 12.16 -17 25 54.0,-3.86,1.03,1.484064456,7.9045674,25.4516,/L,35.8159
2016-Feb-29 00:00,21 08 12.82 -17 06 51.7,-3.85,1.03,1.488612653,7.8464147,25.2199,/L,35.4709
2016-Mar-01 00:00,21 13 12.42 -16 47 20.2,-3.85,1.02,1.493127095,7.7876598,24.9878,/L,35.1263
2016-Mar-02 00:00,21 18 10.97 -16 27 20.3,-3.85,1.02,1.497607431,7.7282875,24.7552,/L,34.7819
2016-Mar-03 00:00,21 23 08.46 -16 06 52.5,-3.85,1.02,1.502053301,7.668286,24.5223,/L,34.4379
2016-Mar-04 00:00,21 28 04.89 -15 45 57.5,-3.85,1.01,1.506464338,7.6076511,24.2889,/L,34.0942
2016-Mar-05 00:00,21 33 00.28 -15 24 36.1,-3.85,1.01,1.51084018,7.5463941,24.055,/L,33.7507
2016-Mar-06 00:00,21 37 54.60 -15 02 48.9,-3.84,1.01,1.515180477,7.4845511,23.8208,/L,33.4074
2016-Mar-07 00:00,21 42 47.89 -14 40 36.6,-3.84,1.01,1.519484908,7.4221938,23.5861,/L,33.0643
2016-Mar-08 00:00,21 47 40.13 -14 17 59.9,-3.84,1,1.523753207,7.3594349,23.351,/L,32.7213
2016-Mar-09 00:00,21 52 31.34 -13 54 59.5,-3.84,1,1.527985184,7.2964246,23.1154,/L,32.3785
2016-Mar-10 00:00,21 57 21.52 -13 31 36.2,-3.84,1,1.532180743,7.2333337,22.8794,/L,32.0357
2016-Mar-11 00:00,22 02 10.69 -13 07 50.6,-3.84,0.99,1.536339885,7.1703251,22.643,/L,31.693
2016-Mar-12 00:00,22 06 58.87 -12 43 43.4,-3.84,0.99,1.540462697,7.1075248,22.4061,/L,31.3503
2016-Mar-13 00:00,22 11 46.06 -12 19 15.5,-3.84,0.99,1.544549322,7.0450027,22.1687,/L,31.0076
2016-Mar-14 00:00,22 16 32.28 -11 54 27.4,-3.84,0.99,1.548599926,6.9827688,21.9308,/L,30.6648
2016-Mar-15 00:00,22 21 17.57 -11 29 20.0,-3.84,0.98,1.552614666,6.9207838,21.6924,/L,30.322
2016-Mar-16 00:00,22 26 01.93 -11 03 53.8,-3.83,0.98,1.556593666,6.8589751,21.4535,/L,29.979
2016-Mar-17 00:00,22 30 45.40 -10 38 09.8,-3.83,0.98,1.560537003,6.7972527,21.2141,/L,29.636
2016-Mar-18 00:00,22 35 28.00 -10 12 08.4,-3.83,0.97,1.564444699,6.7355204,20.9742,/L,29.2929
2016-Mar-19 00:00,22 40 09.75 -09 45 50.5,-3.83,0.97,1.568316719,6.6736826,20.7337,/L,28.9496
2016-Mar-20 00:00,22 44 50.70 -09 19 16.8,-3.83,0.97,1.572152977,6.6116472,20.4927,/L,28.6063
2016-Mar-21 00:00,22 49 30.87 -08 52 27.9,-3.83,0.96,1.575953333,6.5493267,20.2513,/L,28.2627
2016-Mar-22 00:00,22 54 10.28 -08 25 24.6,-3.83,0.96,1.579717597,6.4866386,20.0093,/L,27.919
2016-Mar-23 00:00,22 58 48.98 -07 58 07.6,-3.83,0.96,1.583445536,6.4235058,19.7667,/L,27.5752
2016-Mar-24 00:00,23 03 27.00 -07 30 37.6,-3.83,0.95,1.587136871,6.3598573,19.5237,/L,27.2311
2016-Mar-25 00:00,23 08 04.37 -07 02 55.2,-3.83,0.95,1.590791286,6.2956284,19.2802,/L,26.8869
2016-Mar-26 00:00,23 12 41.12 -06 35 01.3,-3.83,0.95,1.594408428,6.230761,19.0362,/L,26.5424
2016-Mar-27 00:00,23 17 17.29 -06 06 56.5,-3.83,0.94,1.597987913,6.1652031,18.7917,/L,26.1978
2016-Mar-28 00:00,23 21 52.92 -05 38 41.5,-3.83,0.94,1.601529329,6.0989077,18.5467,/L,25.8529
2016-Mar-29 00:00,23 26 28.05 -05 10 17.0,-3.83,0.94,1.605032236,6.0318316,18.3013,/L,25.5077
2016-Mar-30 00:00,23 31 02.70 -04 41 43.7,-3.83,0.94,1.608496173,5.9639343,18.0553,/L,25.1623
2016-Mar-31 00:00,23 35 36.92 -04 13 02.4,-3.83,0.93,1.611920654,5.8951769,17.8089,/L,24.8166
2016-Apr-01 00:00,23 40 10.74 -03 44 13.7,-3.83,0.93,1.615305171,5.8255245,17.562,/L,24.4706
2016-Apr-02 00:00,23 44 44.21 -03 15 18.4,-3.83,0.93,1.618649199,5.7549495,17.3147,/L,24.1243
2016-Apr-03 00:00,23 49 17.35 -02 46 17.1,-3.83,0.92,1.621952201,5.6834402,17.0669,/L,23.7777
2016-Apr-04 00:00,23 53 50.21 -02 17 10.6,-3.83,0.92,1.62521364,5.611012,16.8187,/L,23.4307
2016-Apr-05 00:00,23 58 22.82 -01 47 59.5,-3.83,0.92,1.628432999,5.5377205,16.57,/L,23.0833
2016-Apr-06 00:00,00 02 55.22 -01 18 44.7,-3.83,0.91,1.631609808,5.4636714,16.3208,/L,22.7356
2016-Apr-07 00:00,00 07 27.44 -00 49 26.7,-3.83,0.91,1.634743671,5.389019,16.0712,/L,22.3874
2016-Apr-08 00:00,00 11 59.53 -00 20 06.4,-3.83,0.9,1.637834293,5.3139496,15.8211,/L,22.0387
2016-Apr-09 00:00,00 16 31.52 +00 09 15.6,-3.83,0.9,1.640881488,5.2386502,15.5705,/L,21.6895
2016-Apr-10 00:00,00 21 03.44 +00 38 38.5,-3.83,0.9,1.64388517,5.1632744,15.3194,/L,21.3398
2016-Apr-11 00:00,00 25 35.34 +01 08 01.7,-3.84,0.89,1.646845324,5.0879189,15.0678,/L,20.9896
2016-Apr-12 00:00,00 30 07.26 +01 37 24.4,-3.84,0.89,1.649761977,5.0126186,14.8157,/L,20.6389
2016-Apr-13 00:00,00 34 39.22 +02 06 45.9,-3.84,0.89,1.652635157,4.9373563,14.563,/L,20.2875
2016-Apr-14 00:00,00 39 11.28 +02 36 05.6,-3.84,0.88,1.655464872,4.862081,14.3099,/L,19.9356
2016-Apr-15 00:00,00 43 43.48 +03 05 22.7,-3.84,0.88,1.658251096,4.7867239,14.0562,/L,19.5831
2016-Apr-16 00:00,00 48 15.85 +03 34 36.5,-3.84,0.88,1.660993759,4.7112104,13.8019,/L,19.23
2016-Apr-17 00:00,00 52 48.43 +04 03 46.3,-3.84,0.87,1.66369275,4.6354669,13.5472,/L,18.8763
2016-Apr-18 00:00,00 57 21.28 +04 32 51.5,-3.84,0.87,1.666347915,4.559423,13.2919,/L,18.522
2016-Apr-19 00:00,01 01 54.42 +05 01 51.3,-3.84,0.87,1.668959062,4.4830117,13.0361,/L,18.167
2016-Apr-20 00:00,01 06 27.90 +05 30 45.1,-3.85,0.86,1.67152596,4.4061682,12.7798,/L,17.8115
2016-Apr-21 00:00,01 11 01.76 +05 59 32.0,-3.85,0.86,1.674048339,4.3288291,12.5229,/L,17.4553
2016-Apr-22 00:00,01 15 36.05 +06 28 11.6,-3.85,0.85,1.676525897,4.2509318,12.2656,/L,17.0985
2016-Apr-23 00:00,01 20 10.79 +06 56 42.9,-3.85,0.85,1.678958293,4.1724142,12.0078,/L,16.7411
2016-Apr-24 00:00,01 24 46.03 +07 25 05.4,-3.85,0.85,1.68134515,4.0932153,11.7495,/L,16.3831
2016-Apr-25 00:00,01 29 21.81 +07 53 18.2,-3.85,0.84,1.683686057,4.0132752,11.4907,/L,16.0244
2016-Apr-26 00:00,01 33 58.16 +08 21 20.8,-3.86,0.84,1.685980571,3.9325361,11.2314,/L,15.6651
2016-Apr-27 00:00,01 38 35.13 +08 49 12.4,-3.86,0.84,1.688228213,3.8509417,10.9717,/L,15.3052
2016-Apr-28 00:00,01 43 12.75 +09 16 52.2,-3.86,0.83,1.690428472,3.7684374,10.7115,/L,14.9447
2016-Apr-29 00:00,01 47 51.05 +09 44 19.7,-3.86,0.83,1.692580809,3.6849708,10.4509,/L,14.5835
2016-Apr-30 00:00,01 52 30.07 +10 11 33.9,-3.86,0.82,1.694684654,3.6004939,10.1899,/L,14.2217
2016-May-01 00:00,01 57 09.84 +10 38 34.3,-3.87,0.82,1.69673941,3.5149667,9.9284,/L,13.8593
2016-May-02 00:00,02 01 50.40 +11 05 20.1,-3.87,0.82,1.698744463,3.4283663,9.6665,/L,13.4962
2016-May-03 00:00,02 06 31.77 +11 31 50.5,-3.87,0.81,1.700699194,3.3406981,9.4042,/L,13.1325
2016-May-04 00:00,02 11 13.98 +11 58 04.9,-3.87,0.81,1.702602996,3.25201,9.1414,/L,12.7681
2016-May-05 00:00,02 15 57.06 +12 24 02.4,-3.87,0.81,1.704455308,3.1624023,8.8783,/L,12.4031
2016-May-06 00:00,02 20 41.04 +12 49 42.4,-3.88,0.8,1.706255641,3.0720287,8.6147,/L,12.0374
2016-May-07 00:00,02 25 25.93 +13 15 04.1,-3.88,0.8,1.708003604,2.9810797,8.3508,/L,11.6709
2016-May-08 00:00,02 30 11.77 +13 40 06.8,-3.88,0.79,1.709698925,2.8897538,8.0864,/L,11.3038
2016-May-09 00:00,02 34 58.56 +14 04 49.6,-3.88,0.79,1.711341437,2.7982238,7.8215,/L,10.9359
2016-May-10 00:00,02 39 46.34 +14 29 12.0,-3.89,0.79,1.71293106,2.7066132,7.5562,/L,10.5673
2016-May-11 00:00,02 44 35.11 +14 53 13.1,-3.89,0.78,1.71446777,2.6149894,7.2905,/L,10.1979
2016-May-12 00:00,02 49 24.91 +15 16 52.2,-3.89,0.78,1.715951567,2.5233709,7.0243,/L,9.8278
2016-May-13 00:00,02 54 15.74 +15 40 08.5,-3.9,0.77,1.71738245,2.4317424,6.7577,/L,9.457
2016-May-14 00:00,02 59 07.62 +16 03 01.4,-3.9,0.77,1.718760404,2.34007,6.4907,/L,9.0854
2016-May-15 00:00,03 04 00.56 +16 25 30.2,-3.9,0.76,1.720085393,2.2483122,6.2232,/L,8.7131
2016-May-16 00:00,03 08 54.59 +16 47 34.0,-3.9,0.76,1.721357354,2.1564264,5.9553,/L,8.34
2016-May-17 00:00,03 13 49.71 +17 09 12.2,-3.91,0.76,1.722576201,2.0643718,5.687,/L,7.9662
2016-May-18 00:00,03 18 45.92 +17 30 24.0,-3.91,0.75,1.723741826,1.972109,5.4182,/L,7.5917
2016-May-19 00:00,03 23 43.25 +17 51 08.9,-3.91,0.75,1.724854096,1.8795987,5.1491,/L,7.2164
2016-May-20 00:00,03 28 41.69 +18 11 25.9,-3.92,0.74,1.725912858,1.7867997,4.8796,/L,6.8405
2016-May-21 00:00,03 33 41.25 +18 31 14.6,-3.92,0.74,1.726917931,1.693667,4.6097,/L,6.4638
2016-May-22 00:00,03 38 41.93 +18 50 34.1,-3.92,0.74,1.727869109,1.6001506,4.3395,/L,6.0865
2016-May-23 00:00,03 43 43.72 +19 09 23.7,-3.93,0.73,1.728766154,1.5061955,4.0688,/L,5.7085
2016-May-24 00:00,03 48 46.64 +19 27 42.9,-3.93,0.73,1.729608796,1.411742,3.7979,/L,5.3299
2016-May-25 00:00,03 53 50.66 +19 45 30.9,-3.93,0.72,1.730396728,1.3167271,3.5266,/L,4.9506
2016-May-26 00:00,03 58 55.79 +20 02 47.1,-3.94,0.72,1.731129608,1.2210858,3.2551,/L,4.5707
2016-May-27 00:00,04 04 02.01 +20 19 30.9,-3.94,0.71,1.731807055,1.1247533,2.9832,/L,4.1902
2016-May-28 00:00,04 09 09.32 +20 35 41.5,-3.94,0.71,1.732428652,1.0276672,2.711,/L,3.8091
2016-May-29 00:00,04 14 17.69 +20 51 18.4,-3.95,0.71,1.732993945,0.9297706,2.4386,/L,3.4274
2016-May-30 00:00,04 19 27.10 +21 06 21.0,-3.95,0.7,1.733502455,0.831018,2.1659,/L,3.0452
2016-May-31 00:00,04 24 37.54 +21 20 48.6,-3.96,0.7,1.733953676,0.7313828,1.893,/L,2.6623
2016-Jun-01 00:00,04 29 48.99 +21 34 40.7,-3.96,0.69,1.734347099,0.6308687,1.6199,/L,2.2789
2016-Jun-02 00:00,04 35 01.40 +21 47 56.7,n.a.,n.a.,1.734682227,0.5295212,1.3465,/L,1.895
2016-Jun-03 00:00,04 40 14.76 +22 00 36.1,n.a.,n.a.,1.734958603,0.4274363,1.0728,/L,1.5105
2016-Jun-04 00:00,04 45 29.02 +22 12 38.3,n.a.,n.a.,1.735175842,0.3247591,0.799,/L,1.1255
2016-Jun-05 00:00,04 50 44.16 +22 24 02.7,n.a.,n.a.,1.735333651,0.2216703,0.5249,/L,0.7399
2016-Jun-06 00:00,04 56 00.13 +22 34 49.0,n.a.,n.a.,1.73543185,0.1183622,0.2505,/L,0.3539
2016-Jun-07 00:00,05 01 16.89 +22 44 56.6,n.a.,n.a.,1.735470363,0.0150107,0.0247,/T,0.0338
2016-Jun-08 00:00,05 06 34.39 +22 54 25.1,n.a.,n.a.,1.735449207,-0.0882449,0.2991,/T,0.4199
2016-Jun-09 00:00,05 11 52.60 +23 03 14.0,n.a.,n.a.,1.735368468,-0.1913096,0.5741,/T,0.8077
2016-Jun-10 00:00,05 17 11.46 +23 11 23.0,n.a.,n.a.,1.735228273,-0.2941294,0.8493,/T,1.196
2016-Jun-11 00:00,05 22 30.93 +23 18 51.7,n.a.,n.a.,1.735028771,-0.396681,1.1247,/T,1.5848
2016-Jun-12 00:00,05 27 50.96 +23 25 39.7,n.a.,n.a.,1.734770119,-0.4989606,1.4004,/T,1.9741
2016-Jun-13 00:00,05 33 11.49 +23 31 46.7,-3.96,0.69,1.734452472,-0.6009736,1.6763,/T,2.364
2016-Jun-14 00:00,05 38 32.48 +23 37 12.4,-3.96,0.69,1.734075982,-0.7027294,1.9524,/T,2.7543
2016-Jun-15 00:00,05 43 53.87 +23 41 56.5,-3.96,0.7,1.733640794,-0.8042378,2.2286,/T,3.145
2016-Jun-16 00:00,05 49 15.61 +23 45 58.9,-3.95,0.7,1.733147049,-0.905509,2.5051,/T,3.5362
2016-Jun-17 00:00,05 54 37.65 +23 49 19.2,-3.95,0.71,1.732594879,-1.0065553,2.7816,/T,3.9279
2016-Jun-18 00:00,05 59 59.92 +23 51 57.4,-3.95,0.71,1.73198441,-1.1073937,3.0584,/T,4.3199
2016-Jun-19 00:00,06 05 22.37 +23 53 53.3,-3.94,0.71,1.731315756,-1.2080492,3.3352,/T,4.7124
2016-Jun-20 00:00,06 10 44.95 +23 55 06.7,-3.94,0.72,1.730589011,-1.3085578,3.6121,/T,5.1052
2016-Jun-21 00:00,06 16 07.60 +23 55 37.6,-3.94,0.72,1.729804248,-1.4089677,3.8892,/T,5.4984
2016-Jun-22 00:00,06 21 30.26 +23 55 25.9,-3.93,0.72,1.728961506,-1.50934,4.1663,/T,5.8919
2016-Jun-23 00:00,06 26 52.88 +23 54 31.7,-3.93,0.73,1.728060786,-1.6097468,4.4435,/T,6.2857
2016-Jun-24 00:00,06 32 15.39 +23 52 54.8,-3.93,0.73,1.727102046,-1.7102678,4.7207,/T,6.6797
2016-Jun-25 00:00,06 37 37.74 +23 50 35.4,-3.93,0.73,1.726085196,-1.8109853,4.9979,/T,7.074
2016-Jun-26 00:00,06 42 59.88 +23 47 33.5,-3.92,0.74,1.725010099,-1.9119787,5.2751,/T,7.4685
2016-Jun-27 00:00,06 48 21.75 +23 43 49.2,-3.92,0.74,1.723876575,-2.0133188,5.5523,/T,7.8632
2016-Jun-28 00:00,06 53 43.28 +23 39 22.6,-3.92,0.75,1.722684406,-2.1150599,5.8295,/T,8.2581
2016-Jun-29 00:00,06 59 04.44 +23 34 14.0,-3.91,0.75,1.721433351,-2.2172331,6.1067,/T,8.6532
2016-Jun-30 00:00,07 04 25.15 +23 28 23.4,-3.91,0.75,1.720123158,-2.3198368,6.3838,/T,9.0484
2016-Jul-01 00:00,07 09 45.36 +23 21 51.2,-3.91,0.76,1.71875359,-2.4228301,6.6609,/T,9.4437
2016-Jul-02 00:00,07 15 05.03 +23 14 37.6,-3.91,0.76,1.717324442,-2.5261283,6.9379,/T,9.8391
2016-Jul-03 00:00,07 20 24.10 +23 06 42.8,-3.9,0.76,1.715835574,-2.6296057,7.2149,/T,10.2346
2016-Jul-04 00:00,07 25 42.51 +22 58 07.2,-3.9,0.77,1.714286925,-2.7331072,7.4918,/T,10.6303
2016-Jul-05 00:00,07 31 00.21 +22 48 51.0,-3.9,0.77,1.71267853,-2.836466,7.7686,/T,11.026
2016-Jul-06 00:00,07 36 17.15 +22 38 54.8,-3.9,0.78,1.711010517,-2.9395231,8.0454,/T,11.4218
2016-Jul-07 00:00,07 41 33.30 +22 28 18.8,-3.89,0.78,1.709283102,-3.0421424,8.3221,/T,11.8176
2016-Jul-08 00:00,07 46 48.59 +22 17 03.5,-3.89,0.78,1.707496569,-3.1442187,8.5988,/T,12.2136
2016-Jul-09 00:00,07 52 03.00 +22 05 09.3,-3.89,0.79,1.705651254,-3.2456774,8.8754,/T,12.6096
2016-Jul-10 00:00,07 57 16.48 +21 52 36.6,-3.89,0.79,1.70374753,-3.3464688,9.1519,/T,13.0056
2016-Jul-11 00:00,08 02 28.99 +21 39 26.0,-3.88,0.8,1.701785792,-3.4465614,9.4283,/T,13.4017
2016-Jul-12 00:00,08 07 40.50 +21 25 38.0,-3.88,0.8,1.699766449,-3.5459336,9.7046,/T,13.7977
2016-Jul-13 00:00,08 12 50.98 +21 11 13.0,-3.88,0.8,1.697689923,-3.6445694,9.9807,/T,14.1938
2016-Jul-14 00:00,08 18 00.41 +20 56 11.6,-3.88,0.81,1.695556643,-3.7424545,10.2568,/T,14.5899
2016-Jul-15 00:00,08 23 08.75 +20 40 34.4,-3.88,0.81,1.693367046,-3.8395764,10.5327,/T,14.9859
2016-Jul-16 00:00,08 28 15.98 +20 24 21.9,-3.87,0.81,1.691121576,-3.9359253,10.8085,/T,15.3819
2016-Jul-17 00:00,08 33 22.08 +20 07 34.8,-3.87,0.82,1.688820681,-4.0314981,11.0841,/T,15.7778
2016-Jul-18 00:00,08 38 27.03 +19 50 13.5,-3.87,0.82,1.686464807,-4.1263031,11.3595,/T,16.1737
2016-Jul-19 00:00,08 43 30.83 +19 32 18.8,-3.87,0.83,1.68405439,-4.2203652,11.6347,/T,16.5694
2016-Jul-20 00:00,08 48 33.46 +19 13 51.3,-3.87,0.83,1.681589849,-4.3137304,11.9096,/T,16.965
2016-Jul-21 00:00,08 53 34.90 +18 54 51.6,-3.87,0.83,1.679071566,-4.4064682,12.1843,/T,17.3604
2016-Jul-22 00:00,08 58 35.16 +18 35 20.3,-3.86,0.84,1.676499879,-4.4986699,12.4588,/T,17.7556
2016-Jul-23 00:00,09 03 34.23 +18 15 18.0,-3.86,0.84,1.673875066,-4.5904424,12.733,/T,18.1506
2016-Jul-24 00:00,09 08 32.11 +17 54 45.6,-3.86,0.85,1.671197343,-4.6818997,13.0069,/T,18.5454
2016-Jul-25 00:00,09 13 28.80 +17 33 43.6,-3.86,0.85,1.668466859,-4.7731514,13.2805,/T,18.9399
2016-Jul-26 00:00,09 18 24.30 +17 12 12.7,-3.86,0.85,1.665683705,-4.8642925,13.5537,/T,19.3342
2016-Jul-27 00:00,09 23 18.61 +16 50 13.6,-3.86,0.86,1.662847922,-4.9553945,13.8267,/T,19.7281
2016-Jul-28 00:00,09 28 11.76 +16 27 47.0,-3.85,0.86,1.65995952,-5.0464988,14.0992,/T,20.1217
2016-Jul-29 00:00,09 33 03.73 +16 04 53.6,-3.85,0.87,1.657018493,-5.1376128,14.3715,/T,20.515
2016-Jul-30 00:00,09 37 54.54 +15 41 34.1,-3.85,0.87,1.654024843,-5.2287073,14.6434,/T,20.9079
2016-Jul-31 00:00,09 42 44.20 +15 17 49.3,-3.85,0.87,1.650978597,-5.3197181,14.9149,/T,21.3004
2016-Aug-01 00:00,09 47 32.73 +14 53 39.8,-3.85,0.88,1.64787983,-5.4105502,15.1861,/T,21.6926
2016-Aug-02 00:00,09 52 20.13 +14 29 06.4,-3.85,0.88,1.644728678,-5.5010867,15.4569,/T,22.0844
2016-Aug-03 00:00,09 57 06.42 +14 04 09.8,-3.85,0.88,1.641525348,-5.5911999,15.7274,/T,22.4758
2016-Aug-04 00:00,10 01 51.61 +13 38 50.8,-3.85,0.89,1.638270121,-5.6807642,15.9975,/T,22.8669
2016-Aug-05 00:00,10 06 35.73 +13 13 10.1,-3.85,0.89,1.634963348,-5.7696656,16.2672,/T,23.2576
2016-Aug-06 00:00,10 11 18.79 +12 47 08.4,-3.84,0.9,1.631605441,-5.8578083,16.5366,/T,23.6479
2016-Aug-07 00:00,10 16 00.82 +12 20 46.4,-3.84,0.9,1.62819686,-5.9451165,16.8056,/T,24.0378
2016-Aug-08 00:00,10 20 41.84 +11 54 05.0,-3.84,0.9,1.624738105,-6.0315326,17.0742,/T,24.4273
2016-Aug-09 00:00,10 25 21.86 +11 27 04.7,-3.84,0.91,1.621229704,-6.1170124,17.3425,/T,24.8164
2016-Aug-10 00:00,10 30 00.93 +10 59 46.5,-3.84,0.91,1.617672208,-6.2015211,17.6104,/T,25.2052
2016-Aug-11 00:00,10 34 39.06 +10 32 10.9,-3.84,0.92,1.614066187,-6.2850284,17.8778,/T,25.5936
2016-Aug-12 00:00,10 39 16.29 +10 04 18.8,-3.84,0.92,1.610412228,-6.3675056,18.1449,/T,25.9815
2016-Aug-13 00:00,10 43 52.65 +09 36 10.8,-3.84,0.92,1.606710934,-6.4489247,18.4115,/T,26.3691
2016-Aug-14 00:00,10 48 28.16 +09 07 47.7,-3.84,0.93,1.602962923,-6.5292594,18.6777,/T,26.7562
2016-Aug-15 00:00,10 53 02.87 +08 39 10.2,-3.84,0.93,1.599168828,-6.6084893,18.9434,/T,27.143
2016-Aug-16 00:00,10 57 36.80 +08 10 19.0,-3.84,0.93,1.595329291,-6.6866063,19.2086,/T,27.5293
2016-Aug-17 00:00,11 02 09.99 +07 41 14.9,-3.84,0.94,1.591444951,-6.7636237,19.4734,/T,27.9151
2016-Aug-18 00:00,11 06 42.48 +07 11 58.6,-3.84,0.94,1.587516433,-6.8395844,19.7377,/T,28.3005
2016-Aug-19 00:00,11 11 14.31 +06 42 30.7,-3.84,0.95,1.583544325,-6.9145673,20.0014,/T,28.6855
2016-Aug-20 00:00,11 15 45.52 +06 12 52.0,-3.84,0.95,1.579529163,-6.9886866,20.2647,/T,29.07
2016-Aug-21 00:00,11 20 16.14 +05 43 03.2,-3.84,0.95,1.575471403,-7.0620837,20.5273,/T,29.4539
2016-Aug-22 00:00,11 24 46.22 +05 13 05.0,-3.84,0.96,1.57137142,-7.1349113,20.7894,/T,29.8374
2016-Aug-23 00:00,11 29 15.81 +04 42 58.1,-3.84,0.96,1.567229498,-7.2073158,21.051,/T,30.2204
2016-Aug-24 00:00,11 33 44.93 +04 12 43.2,-3.84,0.97,1.563045847,-7.2794209,21.3119,/T,30.6028
2016-Aug-25 00:00,11 38 13.64 +03 42 21.0,-3.84,0.97,1.558820609,-7.3513177,21.5722,/T,30.9847
2016-Aug-26 00:00,11 42 41.98 +03 11 52.2,-3.84,0.97,1.554553889,-7.4230604,21.832,/T,31.366
2016-Aug-27 00:00,11 47 09.99 +02 41 17.4,-3.84,0.98,1.550245767,-7.4946677,22.0911,/T,31.7468
2016-Aug-28 00:00,11 51 37.70 +02 10 37.6,-3.84,0.98,1.545896326,-7.566126,22.3497,/T,32.127
2016-Aug-29 00:00,11 56 05.17 +01 39 53.2,-3.84,0.98,1.54150566,-7.6373948,22.6077,/T,32.5066
2016-Aug-30 00:00,12 00 32.42 +01 09 05.1,-3.84,0.99,1.537073898,-7.708412,22.865,/T,32.8857
2016-Aug-31 00:00,12 04 59.51 +00 38 13.9,-3.84,0.99,1.532601205,-7.7791001,23.1218,/T,33.2643
2016-Sep-01 00:00,12 09 26.46 +00 07 20.5,-3.84,1,1.528087796,-7.8493727,23.378,/T,33.6424
2016-Sep-02 00:00,12 13 53.33 -00 23 34.6,-3.84,1,1.523533938,-7.9191412,23.6336,/T,34.0199
2016-Sep-03 00:00,12 18 20.15 -00 54 30.6,-3.84,1,1.518939945,-7.988321,23.8885,/T,34.397
2016-Sep-04 00:00,12 22 46.97 -01 25 26.7,-3.84,1.01,1.514306181,-8.0568354,24.1429,/T,34.7735
2016-Sep-05 00:00,12 27 13.81 -01 56 22.3,-3.84,1.01,1.50963305,-8.1246185,24.3968,/T,35.1496
2016-Sep-06 00:00,12 31 40.73 -02 27 16.6,-3.84,1.01,1.50492099,-8.1916143,24.65,/T,35.5252
2016-Sep-07 00:00,12 36 07.76 -02 58 08.9,-3.84,1.02,1.50017047,-8.2577759,24.9025,/T,35.9003
2016-Sep-08 00:00,12 40 34.95 -03 28 58.4,-3.84,1.02,1.495381983,-8.3230616,25.1545,/T,36.2751
2016-Sep-09 00:00,12 45 02.33 -03 59 44.6,-3.84,1.03,1.490556049,-8.3874323,25.4059,/T,36.6494
2016-Sep-10 00:00,12 49 29.95 -04 30 26.6,-3.85,1.03,1.485693205,-8.4508483,25.6566,/T,37.0233
2016-Sep-11 00:00,12 53 57.84 -05 01 03.7,-3.85,1.03,1.480794016,-8.5132673,25.9067,/T,37.3968
2016-Sep-12 00:00,12 58 26.05 -05 31 35.2,-3.85,1.04,1.475859069,-8.5746457,26.1561,/T,37.77
2016-Sep-13 00:00,13 02 54.61 -06 02 00.3,-3.85,1.04,1.470888979,-8.6349419,26.4049,/T,38.1427
2016-Sep-14 00:00,13 07 23.58 -06 32 18.4,-3.85,1.04,1.46588438,-8.6941246,26.653,/T,38.5151
2016-Sep-15 00:00,13 11 52.98 -07 02 28.7,-3.85,1.05,1.460845919,-8.7521852,26.9004,/T,38.8872
2016-Sep-16 00:00,13 16 22.86 -07 32 30.6,-3.85,1.05,1.455774239,-8.8091515,27.1471,/T,39.2589
2016-Sep-17 00:00,13 20 53.26 -08 02 23.1,-3.85,1.05,1.450669951,-8.8650992,27.393,/T,39.6303
2016-Sep-18 00:00,13 25 24.22 -08 32 05.8,-3.86,1.06,1.44553361,-8.9201545,27.6382,/T,40.0014
2016-Sep-19 00:00,13 29 55.79 -09 01 37.7,-3.86,1.06,1.440365686,-8.9744836,27.8827,/T,40.3721
2016-Sep-20 00:00,13 34 28.00 -09 30 58.3,-3.86,1.07,1.435166543,-9.0282705,28.1263,/T,40.7425
2016-Sep-21 00:00,13 39 00.90 -10 00 06.7,-3.86,1.07,1.429936445,-9.0816908,28.3692,/T,41.1125
2016-Sep-22 00:00,13 43 34.52 -10 29 02.3,-3.86,1.07,1.424675559,-9.1348902,28.6113,/T,41.4823
2016-Sep-23 00:00,13 48 08.90 -10 57 44.2,-3.87,1.08,1.419383979,-9.1879733,28.8526,/T,41.8516
2016-Sep-24 00:00,13 52 44.08 -11 26 11.9,-3.87,1.08,1.414061754,-9.241003,29.0931,/T,42.2207
2016-Sep-25 00:00,13 57 20.09 -11 54 24.5,-3.87,1.08,1.408708904,-9.2940063,29.3328,/T,42.5894
2016-Sep-26 00:00,14 01 56.97 -12 22 21.2,-3.87,1.09,1.403325444,-9.3469821,29.5717,/T,42.9579
2016-Sep-27 00:00,14 06 34.74 -12 50 01.4,-3.87,1.09,1.397911396,-9.3999087,29.8098,/T,43.3261
2016-Sep-28 00:00,14 11 13.44 -13 17 24.3,-3.88,1.09,1.392466797,-9.4527496,30.0471,/T,43.694
2016-Sep-29 00:00,14 15 53.09 -13 44 29.1,-3.88,1.1,1.386991711,-9.5054577,30.2837,/T,44.0616
2016-Sep-30 00:00,14 20 33.72 -14 11 15.0,-3.88,1.1,1.381486229,-9.5579787,30.5194,/T,44.4291
2016-Oct-01 00:00,14 25 15.36 -14 37 41.2,-3.88,1.1,1.375950476,-9.6102538,30.7544,/T,44.7964
2016-Oct-02 00:00,14 29 58.02 -15 03 47.1,-3.89,1.11,1.370384612,-9.6622229,30.9885,/T,45.1635
2016-Oct-03 00:00,14 34 41.74 -15 29 31.8,-3.89,1.11,1.36478883,-9.7138267,31.2219,/T,45.5305
2016-Oct-04 00:00,14 39 26.51 -15 54 54.5,-3.89,1.11,1.359163359,-9.7650087,31.4545,/T,45.8974
2016-Oct-05 00:00,14 44 12.38 -16 19 54.6,-3.89,1.12,1.353508457,-9.8157158,31.6863,/T,46.2642
2016-Oct-06 00:00,14 48 59.34 -16 44 31.1,-3.9,1.12,1.347824412,-9.865898,31.9173,/T,46.631
,,,,,,,,